{
  "solved": true,
  "guesses": [
    {
      "word": "place",
      "rank": 268624
    },
    {
      "word": "person",
      "rank": 37063
    },
    {
      "word": "thing",
      "rank": 188044
    },
    {
      "word": "object",
      "rank": 307382
    },
    {
      "word": "occupation",
      "rank": 191173
    },
    {
      "word": "game",
      "rank": 313285
    },
    {
      "word": "job",
      "rank": 680
    },
    {
      "word": "earn",
      "rank": 30012
    },
    {
      "word": "pay",
      "rank": 3423
    },
    {
      "word": "store",
      "rank": 23
    },
    {
      "word": "manager",
      "rank": 1834
    },
    {
      "word": "clerk",
      "rank": 2
    },
    {
      "word": "cashier",
      "rank": 1
    }
  ],
  "total_guesses": 14
}