{
  "solved": true,
  "guesses": [
    {
      "word": "person",
      "rank": 477
    },
    {
      "word": "place",
      "rank": 4153
    },
    {
      "word": "thing",
      "rank": 22
    },
    {
      "word": "idea",
      "rank": 86
    },
    {
      "word": "book",
      "rank": 427
    },
    {
      "word": "write",
      "rank": 333
    },
    {
      "word": "object",
      "rank": 3212
    },
    {
      "word": "joy",
      "rank": 2807
    },
    {
      "word": "mean",
      "rank": 428
    },
    {
      "word": "laugh",
      "rank": 3
    },
    {
      "word": "humor",
      "rank": 8
    },
    {
      "word": "joke",
      "rank": 1
    }
  ],
  "total_guesses": 12
}