{
  "solved": true,
  "guesses": [
    {
      "word": "person",
      "rank": 22262
    },
    {
      "word": "place",
      "rank": 4553
    },
    {
      "word": "thing",
      "rank": 18013
    },
    {
      "word": "idea",
      "rank": 71344
    },
    {
      "word": "animal",
      "rank": 157327
    },
    {
      "word": "plant",
      "rank": 10734
    },
    {
      "word": "city",
      "rank": 230214
    },
    {
      "word": "town",
      "rank": 57935
    },
    {
      "word": "school",
      "rank": 219486
    },
    {
      "word": "old",
      "rank": 14710
    },
    {
      "word": "new",
      "rank": 186490
    },
    {
      "word": "object",
      "rank": 557
    },
    {
      "word": "lead",
      "rank": 227009
    },
    {
      "word": "pipe",
      "rank": 111
    },
    {
      "word": "bomb",
      "rank": 9602
    },
    {
      "word": "fire",
      "rank": 735
    },
    {
      "word": "explosion",
      "rank": 7347
    },
    {
      "word": "pvc",
      "rank": 1308
    },
    {
      "word": "plastic",
      "rank": 368
    },
    {
      "word": "wax",
      "rank": 34
    },
    {
      "word": "candle",
      "rank": 1
    }
  ],
  "total_guesses": 21
}