{
  "solved": true,
  "guesses": [
    {
      "word": "person",
      "rank": 59299
    },
    {
      "word": "place",
      "rank": 223978
    },
    {
      "word": "thing",
      "rank": 29717
    },
    {
      "word": "idea",
      "rank": 208390
    },
    {
      "word": "animal",
      "rank": 912
    },
    {
      "word": "plant",
      "rank": 7833
    },
    {
      "word": "school",
      "rank": 180791
    },
    {
      "word": "field",
      "rank": 278339
    },
    {
      "word": "think",
      "rank": 178542
    },
    {
      "word": "emotion",
      "rank": 263225
    },
    {
      "word": "water",
      "rank": 55479
    },
    {
      "word": "land",
      "rank": 48997
    },
    {
      "word": "panda",
      "rank": 2529
    },
    {
      "word": "tiger",
      "rank": 1091
    },
    {
      "word": "penguin",
      "rank": 692
    },
    {
      "word": "lake",
      "rank": 65873
    },
    {
      "word": "river",
      "rank": 9540
    },
    {
      "word": "forest",
      "rank": 5469
    },
    {
      "word": "wood",
      "rank": 14767
    },
    {
      "word": "rock",
      "rank": 1703
    },
    {
      "word": "warm",
      "rank": 120562
    },
    {
      "word": "cold",
      "rank": 176317
    },
    {
      "word": "fish",
      "rank": 496
    },
    {
      "word": "insect",
      "rank": 211
    },
    {
      "word": "crawfish",
      "rank": 2158
    },
    {
      "word": "salamander",
      "rank": 43
    },
    {
      "word": "lizard",
      "rank": 1
    }
  ],
  "total_guesses": 27
}