{
  "solved": true,
  "guesses": [
    {
      "word": "person",
      "rank": 3404
    },
    {
      "word": "place",
      "rank": 736
    },
    {
      "word": "thing",
      "rank": 1540
    },
    {
      "word": "idea",
      "rank": 848
    },
    {
      "word": "job",
      "rank": 1807
    },
    {
      "word": "occupation",
      "rank": 18973
    },
    {
      "word": "work",
      "rank": 159
    },
    {
      "word": "city",
      "rank": 1164
    },
    {
      "word": "town",
      "rank": 4477
    },
    {
      "word": "field",
      "rank": 3161
    },
    {
      "word": "school",
      "rank": 542
    },
    {
      "word": "teach",
      "rank": 2097
    },
    {
      "word": "art",
      "rank": 61
    },
    {
      "word": "artist",
      "rank": 8
    },
    {
      "word": "studio",
      "rank": 1
    }
  ],
  "total_guesses": 15
}