{
  "solved": true,
  "guesses": [
    {
      "word": "person",
      "rank": 3134
    },
    {
      "word": "place",
      "rank": 348
    },
    {
      "word": "thing",
      "rank": 3776
    },
    {
      "word": "idea",
      "rank": 2710
    },
    {
      "word": "plant",
      "rank": 1636
    },
    {
      "word": "animal",
      "rank": 4234
    },
    {
      "word": "land",
      "rank": 1543
    },
    {
      "word": "water",
      "rank": 2353
    },
    {
      "word": "sky",
      "rank": 7540
    },
    {
      "word": "air",
      "rank": 4658
    },
    {
      "word": "school",
      "rank": 8
    },
    {
      "word": "college",
      "rank": 4
    },
    {
      "word": "build",
      "rank": 371
    },
    {
      "word": "learn",
      "rank": 3229
    },
    {
      "word": "campus",
      "rank": 1
    }
  ],
  "total_guesses": 15
}