{
  "solved": true,
  "guesses": [
    {
      "word": "person",
      "rank": 397
    },
    {
      "word": "place",
      "rank": 4921
    },
    {
      "word": "thing",
      "rank": 4374
    },
    {
      "word": "idea",
      "rank": 1561
    },
    {
      "word": "plant",
      "rank": 1676
    },
    {
      "word": "animal",
      "rank": 2803
    },
    {
      "word": "job",
      "rank": 938
    },
    {
      "word": "lawyer",
      "rank": 1241
    },
    {
      "word": "doctor",
      "rank": 181
    },
    {
      "word": "pilot",
      "rank": 1
    }
  ],
  "total_guesses": 10
}