{
  "solved": true,
  "guesses": [
    {
      "word": "person",
      "rank": 739
    },
    {
      "word": "place",
      "rank": 3994
    },
    {
      "word": "thing",
      "rank": 8456
    },
    {
      "word": "idea",
      "rank": 18617
    },
    {
      "word": "plant",
      "rank": 2781
    },
    {
      "word": "animal",
      "rank": 32481
    },
    {
      "word": "city",
      "rank": 7699
    },
    {
      "word": "job",
      "rank": 3738
    },
    {
      "word": "up",
      "rank": 2029
    },
    {
      "word": "down",
      "rank": 631
    },
    {
      "word": "leave",
      "rank": 12209
    },
    {
      "word": "right",
      "rank": 8449
    },
    {
      "word": "foward",
      "rank": 66103
    },
    {
      "word": "back",
      "rank": 807
    },
    {
      "word": "side",
      "rank": 1333
    },
    {
      "word": "build",
      "rank": 13203
    },
    {
      "word": "height",
      "rank": 3340
    },
    {
      "word": "enjoy",
      "rank": 54727
    },
    {
      "word": "debby",
      "rank": 147217
    },
    {
      "word": "location",
      "rank": 3519
    },
    {
      "word": "pilot",
      "rank": 932
    },
    {
      "word": "stair",
      "rank": 73
    },
    {
      "word": "elevator",
      "rank": 1
    }
  ],
  "total_guesses": 24
}