{
  "solved": true,
  "guesses": [
    {
      "word": "person",
      "rank": 5594
    },
    {
      "word": "place",
      "rank": 10185
    },
    {
      "word": "thing",
      "rank": 9514
    },
    {
      "word": "job",
      "rank": 30482
    },
    {
      "word": "occupation",
      "rank": 2757
    },
    {
      "word": "city",
      "rank": 3932
    },
    {
      "word": "town",
      "rank": 3781
    },
    {
      "word": "field",
      "rank": 6523
    },
    {
      "word": "object",
      "rank": 34856
    },
    {
      "word": "old",
      "rank": 979
    },
    {
      "word": "new",
      "rank": 15281
    },
    {
      "word": "build",
      "rank": 68990
    },
    {
      "word": "history",
      "rank": 31
    },
    {
      "word": "war",
      "rank": 569
    },
    {
      "word": "fossil",
      "rank": 12020
    },
    {
      "word": "world",
      "rank": 4652
    },
    {
      "word": "museum",
      "rank": 183
    },
    {
      "word": "docent",
      "rank": 11298
    },
    {
      "word": "bone",
      "rank": 165460
    },
    {
      "word": "record",
      "rank": 1657
    },
    {
      "word": "school",
      "rank": 1391
    },
    {
      "word": "college",
      "rank": 825
    },
    {
      "word": "store",
      "rank": 39159
    },
    {
      "word": "save",
      "rank": 55625
    },
    {
      "word": "historian",
      "rank": 1
    }
  ],
  "total_guesses": 25
}