{
  "solved": true,
  "guesses": [
    {
      "word": "person",
      "rank": 64312
    },
    {
      "word": "place",
      "rank": 47175
    },
    {
      "word": "thing",
      "rank": 20604
    },
    {
      "word": "idea",
      "rank": 57127
    },
    {
      "word": "animal",
      "rank": 5847
    },
    {
      "word": "plant",
      "rank": 5839
    },
    {
      "word": "town",
      "rank": 1383
    },
    {
      "word": "city",
      "rank": 7938
    },
    {
      "word": "field",
      "rank": 14715
    },
    {
      "word": "location",
      "rank": 3246
    },
    {
      "word": "capitol",
      "rank": 21439
    },
    {
      "word": "capital",
      "rank": 6525
    },
    {
      "word": "land",
      "rank": 9382
    },
    {
      "word": "house",
      "rank": 39639
    },
    {
      "word": "lava",
      "rank": 8
    },
    {
      "word": "magma",
      "rank": 26
    },
    {
      "word": "volcano",
      "rank": 1
    }
  ],
  "total_guesses": 17
}