{
  "solved": true,
  "guesses": [
    {
      "word": "person",
      "rank": 58
    },
    {
      "word": "place",
      "rank": 1842
    },
    {
      "word": "thing",
      "rank": 943
    },
    {
      "word": "idea",
      "rank": 1166
    },
    {
      "word": "job",
      "rank": 1342
    },
    {
      "word": "occupation",
      "rank": 12747
    },
    {
      "word": "help",
      "rank": 408
    },
    {
      "word": "mlk",
      "rank": 273118
    },
    {
      "word": "teacher",
      "rank": 56
    },
    {
      "word": "lawyer",
      "rank": 72
    },
    {
      "word": "doctor",
      "rank": 1
    }
  ],
  "total_guesses": 11
}