{
  "solved": true,
  "guesses": [
    {
      "word": "job",
      "rank": 97
    },
    {
      "word": "food",
      "rank": 4935
    },
    {
      "word": "place",
      "rank": 3980
    },
    {
      "word": "city",
      "rank": 952
    },
    {
      "word": "work",
      "rank": 186
    },
    {
      "word": "build",
      "rank": 13379
    },
    {
      "word": "learn",
      "rank": 108
    },
    {
      "word": "plant",
      "rank": 8516
    },
    {
      "word": "occupation",
      "rank": 3462
    },
    {
      "word": "teach",
      "rank": 14
    },
    {
      "word": "class",
      "rank": 308
    },
    {
      "word": "grade",
      "rank": 64
    },
    {
      "word": "school",
      "rank": 6
    },
    {
      "word": "teacher",
      "rank": 1
    }
  ],
  "total_guesses": 14
}