{
  "solved": true,
  "guesses": [
    {
      "word": "person",
      "rank": 4879
    },
    {
      "word": "place",
      "rank": 151091
    },
    {
      "word": "thing",
      "rank": 3922
    },
    {
      "word": "idea",
      "rank": 34594
    },
    {
      "word": "animal",
      "rank": 47487
    },
    {
      "word": "plant",
      "rank": 312993
    },
    {
      "word": "city",
      "rank": 206494
    },
    {
      "word": "town",
      "rank": 231795
    },
    {
      "word": "field",
      "rank": 279018
    },
    {
      "word": "job",
      "rank": 53962
    },
    {
      "word": "occupation",
      "rank": 249998
    },
    {
      "word": "object",
      "rank": 25869
    },
    {
      "word": "money",
      "rank": 226
    },
    {
      "word": "purse",
      "rank": 5
    },
    {
      "word": "wallet",
      "rank": 1
    }
  ],
  "total_guesses": 15
}