{
  "solved": true,
  "guesses": [
    {
      "word": "person",
      "rank": 1637
    },
    {
      "word": "place",
      "rank": 2242
    },
    {
      "word": "thing",
      "rank": 233
    },
    {
      "word": "idea",
      "rank": 222
    },
    {
      "word": "animal",
      "rank": 2393
    },
    {
      "word": "plant",
      "rank": 4773
    },
    {
      "word": "emotion",
      "rank": 558
    },
    {
      "word": "anger",
      "rank": 8
    },
    {
      "word": "hate",
      "rank": 93
    },
    {
      "word": "fury",
      "rank": 446
    },
    {
      "word": "furry",
      "rank": 27817
    },
    {
      "word": "bully",
      "rank": 4667
    },
    {
      "word": "fear",
      "rank": 1
    }
  ],
  "total_guesses": 13
}