{
  "solved": true,
  "guesses": [
    {
      "word": "person",
      "rank": 55163
    },
    {
      "word": "place",
      "rank": 41233
    },
    {
      "word": "thing",
      "rank": 677
    },
    {
      "word": "idea",
      "rank": 415
    },
    {
      "word": "town",
      "rank": 35575
    },
    {
      "word": "city",
      "rank": 106311
    },
    {
      "word": "plant",
      "rank": 225687
    },
    {
      "word": "animal",
      "rank": 140488
    },
    {
      "word": "job",
      "rank": 105441
    },
    {
      "word": "emotion",
      "rank": 54
    },
    {
      "word": "therapist",
      "rank": 32102
    },
    {
      "word": "happy",
      "rank": 931
    },
    {
      "word": "sad",
      "rank": 283
    },
    {
      "word": "mad",
      "rank": 8819
    },
    {
      "word": "anger",
      "rank": 294
    },
    {
      "word": "school",
      "rank": 99320
    },
    {
      "word": "love",
      "rank": 140
    },
    {
      "word": "money",
      "rank": 20653
    },
    {
      "word": "help",
      "rank": 86230
    },
    {
      "word": "health",
      "rank": 221493
    },
    {
      "word": "miss",
      "rank": 13510
    },
    {
      "word": "nostalgia",
      "rank": 1
    }
  ],
  "total_guesses": 22
}