{
  "solved": true,
  "guesses": [
    {
      "word": "person",
      "rank": 1143
    },
    {
      "word": "place",
      "rank": 3671
    },
    {
      "word": "thing",
      "rank": 1410
    },
    {
      "word": "object",
      "rank": 1008
    },
    {
      "word": "job",
      "rank": 502
    },
    {
      "word": "city",
      "rank": 3692
    },
    {
      "word": "town",
      "rank": 12257
    },
    {
      "word": "work",
      "rank": 420
    },
    {
      "word": "device",
      "rank": 59
    },
    {
      "word": "computer",
      "rank": 1
    }
  ],
  "total_guesses": 10
}