{
  "solved": true,
  "guesses": [
    {
      "word": "person",
      "rank": 576
    },
    {
      "word": "place",
      "rank": 6160
    },
    {
      "word": "thing",
      "rank": 451
    },
    {
      "word": "idea",
      "rank": 319
    },
    {
      "word": "know",
      "rank": 138
    },
    {
      "word": "book",
      "rank": 637
    },
    {
      "word": "knowledge",
      "rank": 106
    },
    {
      "word": "emotion",
      "rank": 11159
    },
    {
      "word": "think",
      "rank": 238
    },
    {
      "word": "advice",
      "rank": 1
    }
  ],
  "total_guesses": 10
}