{
  "solved": true,
  "guesses": [
    {
      "word": "person",
      "rank": 47989
    },
    {
      "word": "place",
      "rank": 20606
    },
    {
      "word": "thing",
      "rank": 3832
    },
    {
      "word": "idea",
      "rank": 5456
    },
    {
      "word": "animal",
      "rank": 8085
    },
    {
      "word": "plant",
      "rank": 609
    },
    {
      "word": "location",
      "rank": 45877
    },
    {
      "word": "field",
      "rank": 31470
    },
    {
      "word": "tree",
      "rank": 82
    },
    {
      "word": "berry",
      "rank": 257
    },
    {
      "word": "leaf",
      "rank": 94
    },
    {
      "word": "branch",
      "rank": 16165
    },
    {
      "word": "fruit",
      "rank": 7
    },
    {
      "word": "apple",
      "rank": 40
    },
    {
      "word": "peach",
      "rank": 25
    },
    {
      "word": "mango",
      "rank": 3
    },
    {
      "word": "orange",
      "rank": 128
    },
    {
      "word": "banana",
      "rank": 1
    }
  ],
  "total_guesses": 18
}