{
  "solved": true,
  "guesses": [
    {
      "word": "person",
      "rank": 768
    },
    {
      "word": "place",
      "rank": 877
    },
    {
      "word": "thing",
      "rank": 10
    },
    {
      "word": "object",
      "rank": 3576
    },
    {
      "word": "idea",
      "rank": 86
    },
    {
      "word": "emotion",
      "rank": 835
    },
    {
      "word": "game",
      "rank": 194
    },
    {
      "word": "feel",
      "rank": 70
    },
    {
      "word": "enjoy",
      "rank": 24
    },
    {
      "word": "fun",
      "rank": 1
    }
  ],
  "total_guesses": 10
}