{
  "solved": true,
  "guesses": [
    {
      "word": "person",
      "rank": 102185
    },
    {
      "word": "place",
      "rank": 140854
    },
    {
      "word": "thing",
      "rank": 50672
    },
    {
      "word": "idea",
      "rank": 131477
    },
    {
      "word": "plant",
      "rank": 7725
    },
    {
      "word": "animal",
      "rank": 27
    },
    {
      "word": "fish",
      "rank": 2112
    },
    {
      "word": "land",
      "rank": 93755
    },
    {
      "word": "panda",
      "rank": 1
    }
  ],
  "total_guesses": 9
}