{
  "solved": true,
  "guesses": [
    {
      "word": "person",
      "rank": 2190
    },
    {
      "word": "place",
      "rank": 1022
    },
    {
      "word": "thing",
      "rank": 808
    },
    {
      "word": "idea",
      "rank": 2451
    },
    {
      "word": "object",
      "rank": 7717
    },
    {
      "word": "organism",
      "rank": 1893
    },
    {
      "word": "animal",
      "rank": 33
    },
    {
      "word": "water",
      "rank": 48
    },
    {
      "word": "sky",
      "rank": 6086
    },
    {
      "word": "fish",
      "rank": 1
    }
  ],
  "total_guesses": 10
}