{
  "solved": true,
  "guesses": [
    {
      "word": "person",
      "rank": 2650
    },
    {
      "word": "place",
      "rank": 3421
    },
    {
      "word": "thing",
      "rank": 2603
    },
    {
      "word": "idea",
      "rank": 7722
    },
    {
      "word": "job",
      "rank": 1135
    },
    {
      "word": "occupation",
      "rank": 97406
    },
    {
      "word": "city",
      "rank": 10117
    },
    {
      "word": "town",
      "rank": 6857
    },
    {
      "word": "field",
      "rank": 160375
    },
    {
      "word": "school",
      "rank": 2241
    },
    {
      "word": "service",
      "rank": 18364
    },
    {
      "word": "store",
      "rank": 715
    },
    {
      "word": "sale",
      "rank": 32910
    },
    {
      "word": "cashier",
      "rank": 839
    },
    {
      "word": "food",
      "rank": 115
    },
    {
      "word": "stock",
      "rank": 88696
    },
    {
      "word": "waiter",
      "rank": 33
    },
    {
      "word": "chef",
      "rank": 1
    }
  ],
  "total_guesses": 18
}