{
  "solved": true,
  "guesses": [
    {
      "word": "person",
      "rank": 5359
    },
    {
      "word": "place",
      "rank": 4771
    },
    {
      "word": "thing",
      "rank": 5270
    },
    {
      "word": "idea",
      "rank": 4913
    },
    {
      "word": "animal",
      "rank": 21493
    },
    {
      "word": "plant",
      "rank": 39681
    },
    {
      "word": "city",
      "rank": 16188
    },
    {
      "word": "town",
      "rank": 33288
    },
    {
      "word": "school",
      "rank": 965
    },
    {
      "word": "art",
      "rank": 364
    },
    {
      "word": "music",
      "rank": 29
    },
    {
      "word": "drum",
      "rank": 122
    },
    {
      "word": "piano",
      "rank": 1
    }
  ],
  "total_guesses": 13
}