{
  "solved": true,
  "guesses": [
    {
      "word": "person",
      "rank": 304
    },
    {
      "word": "place",
      "rank": 637
    },
    {
      "word": "thing",
      "rank": 109
    },
    {
      "word": "city",
      "rank": 516
    },
    {
      "word": "vehicle",
      "rank": 5230
    },
    {
      "word": "learn",
      "rank": 1281
    },
    {
      "word": "own",
      "rank": 205
    },
    {
      "word": "hold",
      "rank": 2650
    },
    {
      "word": "inside",
      "rank": 290
    },
    {
      "word": "body",
      "rank": 242
    },
    {
      "word": "organ",
      "rank": 339
    },
    {
      "word": "blood",
      "rank": 4
    },
    {
      "word": "heart",
      "rank": 1
    }
  ],
  "total_guesses": 13
}