{
  "solved": true,
  "guesses": [
    {
      "word": "person",
      "rank": 322
    },
    {
      "word": "place",
      "rank": 2075
    },
    {
      "word": "thing",
      "rank": 794
    },
    {
      "word": "idea",
      "rank": 688
    },
    {
      "word": "job",
      "rank": 598
    },
    {
      "word": "city",
      "rank": 2062
    },
    {
      "word": "mlk",
      "rank": 122766
    },
    {
      "word": "object",
      "rank": 5491
    },
    {
      "word": "device",
      "rank": 63
    },
    {
      "word": "computer",
      "rank": 39
    },
    {
      "word": "laptop",
      "rank": 38
    },
    {
      "word": "tablet",
      "rank": 2058
    },
    {
      "word": "phone",
      "rank": 1
    }
  ],
  "total_guesses": 13
}