{
  "solved": true,
  "guesses": [
    {
      "word": "person",
      "rank": 971
    },
    {
      "word": "place",
      "rank": 1337
    },
    {
      "word": "thing",
      "rank": 1924
    },
    {
      "word": "idea",
      "rank": 1753
    },
    {
      "word": "plant",
      "rank": 16851
    },
    {
      "word": "animal",
      "rank": 3927
    },
    {
      "word": "land",
      "rank": 538
    },
    {
      "word": "job",
      "rank": 4033
    },
    {
      "word": "ruler",
      "rank": 18
    },
    {
      "word": "queen",
      "rank": 2
    },
    {
      "word": "king",
      "rank": 1
    }
  ],
  "total_guesses": 11
}