{
  "solved": true,
  "guesses": [
    {
      "word": "person",
      "rank": 24976
    },
    {
      "word": "place",
      "rank": 8566
    },
    {
      "word": "thing",
      "rank": 14243
    },
    {
      "word": "idea",
      "rank": 10531
    },
    {
      "word": "plant",
      "rank": 355
    },
    {
      "word": "animal",
      "rank": 842
    },
    {
      "word": "food",
      "rank": 75
    },
    {
      "word": "wheat",
      "rank": 1
    }
  ],
  "total_guesses": 8
}