{
  "solved": true,
  "guesses": [
    {
      "word": "person",
      "rank": 45377
    },
    {
      "word": "place",
      "rank": 202
    },
    {
      "word": "thing",
      "rank": 39952
    },
    {
      "word": "idea",
      "rank": 158583
    },
    {
      "word": "plant",
      "rank": 116709
    },
    {
      "word": "animal",
      "rank": 161883
    },
    {
      "word": "land",
      "rank": 72734
    },
    {
      "word": "money",
      "rank": 6996
    },
    {
      "word": "school",
      "rank": 39466
    },
    {
      "word": "town",
      "rank": 146360
    },
    {
      "word": "city",
      "rank": 153533
    },
    {
      "word": "crime",
      "rank": 73804
    },
    {
      "word": "meat",
      "rank": 97024
    },
    {
      "word": "store",
      "rank": 1686
    },
    {
      "word": "park",
      "rank": 28436
    },
    {
      "word": "road",
      "rank": 50480
    },
    {
      "word": "play",
      "rank": 25704
    },
    {
      "word": "arcade",
      "rank": 123
    },
    {
      "word": "game",
      "rank": 7308
    },
    {
      "word": "entertain",
      "rank": 275159
    },
    {
      "word": "airport",
      "rank": 184129
    },
    {
      "word": "bank",
      "rank": 713
    },
    {
      "word": "trust",
      "rank": 61588
    },
    {
      "word": "vault",
      "rank": 1
    }
  ],
  "total_guesses": 24
}