{
  "solved": true,
  "guesses": [
    {
      "word": "person",
      "rank": 1567
    },
    {
      "word": "place",
      "rank": 3048
    },
    {
      "word": "thing",
      "rank": 3940
    },
    {
      "word": "object",
      "rank": 7242
    },
    {
      "word": "job",
      "rank": 854
    },
    {
      "word": "occupation",
      "rank": 2330
    },
    {
      "word": "money",
      "rank": 1298
    },
    {
      "word": "hero",
      "rank": 4911
    },
    {
      "word": "news",
      "rank": 13
    },
    {
      "word": "politican",
      "rank": 52041
    },
    {
      "word": "learn",
      "rank": 5001
    },
    {
      "word": "teach",
      "rank": 13400
    },
    {
      "word": "time",
      "rank": 814
    },
    {
      "word": "article",
      "rank": 30
    },
    {
      "word": "network",
      "rank": 810
    },
    {
      "word": "newspaper",
      "rank": 1
    }
  ],
  "total_guesses": 16
}