{
  "solved": true,
  "guesses": [
    {
      "word": "person",
      "rank": 24223
    },
    {
      "word": "place",
      "rank": 17209
    },
    {
      "word": "thing",
      "rank": 36920
    },
    {
      "word": "object",
      "rank": 632
    },
    {
      "word": "city",
      "rank": 172840
    },
    {
      "word": "job",
      "rank": 23045
    },
    {
      "word": "home",
      "rank": 8150
    },
    {
      "word": "table",
      "rank": 340
    },
    {
      "word": "napkin",
      "rank": 289
    },
    {
      "word": "fork",
      "rank": 15542
    },
    {
      "word": "paper",
      "rank": 2389
    },
    {
      "word": "fan",
      "rank": 11735
    },
    {
      "word": "light",
      "rank": 22
    },
    {
      "word": "bulb",
      "rank": 3
    },
    {
      "word": "lamp",
      "rank": 1
    }
  ],
  "total_guesses": 15
}