{
  "solved": true,
  "guesses": [
    {
      "word": "person",
      "rank": 2587
    },
    {
      "word": "place",
      "rank": 630
    },
    {
      "word": "thing",
      "rank": 693
    },
    {
      "word": "idea",
      "rank": 2262
    },
    {
      "word": "plant",
      "rank": 1433
    },
    {
      "word": "animal",
      "rank": 7229
    },
    {
      "word": "job",
      "rank": 21
    },
    {
      "word": "money",
      "rank": 563
    },
    {
      "word": "cashier",
      "rank": 2089
    },
    {
      "word": "waiter",
      "rank": 2512
    },
    {
      "word": "chef",
      "rank": 577
    },
    {
      "word": "manager",
      "rank": 1
    }
  ],
  "total_guesses": 12
}