{
  "solved": true,
  "guesses": [
    {
      "word": "person",
      "rank": 314274
    },
    {
      "word": "place",
      "rank": 286200
    },
    {
      "word": "thing",
      "rank": 311573
    },
    {
      "word": "vehicle",
      "rank": 316304
    },
    {
      "word": "city",
      "rank": 267326
    },
    {
      "word": "object",
      "rank": 307791
    },
    {
      "word": "be",
      "rank": 315514
    },
    {
      "word": "alive",
      "rank": 312923
    },
    {
      "word": "create",
      "rank": 301523
    },
    {
      "word": "color",
      "rank": 4363
    },
    {
      "word": "blue",
      "rank": 730
    },
    {
      "word": "purple",
      "rank": 12
    },
    {
      "word": "violet",
      "rank": 6
    },
    {
      "word": "plant",
      "rank": 107047
    },
    {
      "word": "indigo",
      "rank": 643
    },
    {
      "word": "lavender",
      "rank": 2
    },
    {
      "word": "lilac",
      "rank": 1
    }
  ],
  "total_guesses": 17
}