{
  "solved": true,
  "guesses": [
    {
      "word": "person",
      "rank": 1360
    },
    {
      "word": "place",
      "rank": 1694
    },
    {
      "word": "thing",
      "rank": 1352
    },
    {
      "word": "city",
      "rank": 7901
    },
    {
      "word": "vehicle",
      "rank": 13
    },
    {
      "word": "truck",
      "rank": 53
    },
    {
      "word": "car",
      "rank": 7
    },
    {
      "word": "drive",
      "rank": 31
    },
    {
      "word": "gas",
      "rank": 6003
    },
    {
      "word": "seat",
      "rank": 142
    },
    {
      "word": "wheel",
      "rank": 1
    }
  ],
  "total_guesses": 11
}