{
  "solved": true,
  "guesses": [
    {
      "word": "person",
      "rank": 3662
    },
    {
      "word": "place",
      "rank": 8436
    },
    {
      "word": "thing",
      "rank": 1663
    },
    {
      "word": "idea",
      "rank": 2055
    },
    {
      "word": "plant",
      "rank": 12167
    },
    {
      "word": "animal",
      "rank": 59
    },
    {
      "word": "small",
      "rank": 883
    },
    {
      "word": "big",
      "rank": 1740
    },
    {
      "word": "rodent",
      "rank": 6
    },
    {
      "word": "mouse",
      "rank": 1
    }
  ],
  "total_guesses": 10
}