{
  "solved": true,
  "guesses": [
    {
      "word": "person",
      "rank": 31159
    },
    {
      "word": "place",
      "rank": 3116
    },
    {
      "word": "thing",
      "rank": 5089
    },
    {
      "word": "idea",
      "rank": 4703
    },
    {
      "word": "job",
      "rank": 34476
    },
    {
      "word": "occupation",
      "rank": 39439
    },
    {
      "word": "city",
      "rank": 6344
    },
    {
      "word": "town",
      "rank": 6869
    },
    {
      "word": "field",
      "rank": 1640
    },
    {
      "word": "school",
      "rank": 19697
    },
    {
      "word": "object",
      "rank": 101989
    },
    {
      "word": "chef",
      "rank": 6345
    },
    {
      "word": "food",
      "rank": 55
    },
    {
      "word": "drink",
      "rank": 566
    },
    {
      "word": "bread",
      "rank": 44
    },
    {
      "word": "wheat",
      "rank": 2
    },
    {
      "word": "rye",
      "rank": 251
    },
    {
      "word": "hay",
      "rank": 276
    },
    {
      "word": "grain",
      "rank": 7
    },
    {
      "word": "corn",
      "rank": 1
    }
  ],
  "total_guesses": 20
}