{
  "solved": true,
  "guesses": [
    {
      "word": "person",
      "rank": 5013
    },
    {
      "word": "place",
      "rank": 452
    },
    {
      "word": "thing",
      "rank": 14833
    },
    {
      "word": "idea",
      "rank": 13032
    },
    {
      "word": "land",
      "rank": 676
    },
    {
      "word": "air",
      "rank": 1288
    },
    {
      "word": "water",
      "rank": 426
    },
    {
      "word": "ship",
      "rank": 5
    },
    {
      "word": "leave",
      "rank": 265
    },
    {
      "word": "right",
      "rank": 5571
    },
    {
      "word": "starboard",
      "rank": 214
    },
    {
      "word": "port",
      "rank": 1
    }
  ],
  "total_guesses": 12
}