{
  "solved": true,
  "guesses": [
    {
      "word": "person",
      "rank": 7062
    },
    {
      "word": "place",
      "rank": 1675
    },
    {
      "word": "thing",
      "rank": 1130
    },
    {
      "word": "idea",
      "rank": 2217
    },
    {
      "word": "plant",
      "rank": 259
    },
    {
      "word": "animal",
      "rank": 211
    },
    {
      "word": "food",
      "rank": 2402
    },
    {
      "word": "leaf",
      "rank": 133
    },
    {
      "word": "tree",
      "rank": 16
    },
    {
      "word": "flower",
      "rank": 310
    },
    {
      "word": "weed",
      "rank": 26
    },
    {
      "word": "fruit",
      "rank": 361
    },
    {
      "word": "grass",
      "rank": 1
    }
  ],
  "total_guesses": 13
}