{
  "solved": true,
  "guesses": [
    {
      "word": "person",
      "rank": 5475
    },
    {
      "word": "place",
      "rank": 345
    },
    {
      "word": "thing",
      "rank": 1664
    },
    {
      "word": "idea",
      "rank": 866
    },
    {
      "word": "plant",
      "rank": 86
    },
    {
      "word": "animal",
      "rank": 858
    },
    {
      "word": "leaf",
      "rank": 570
    },
    {
      "word": "flower",
      "rank": 10
    },
    {
      "word": "tulip",
      "rank": 2012
    },
    {
      "word": "grass",
      "rank": 52
    },
    {
      "word": "tree",
      "rank": 11
    },
    {
      "word": "bee",
      "rank": 4445
    },
    {
      "word": "garden",
      "rank": 1
    }
  ],
  "total_guesses": 13
}