{
  "solved": true,
  "guesses": [
    {
      "word": "person",
      "rank": 542
    },
    {
      "word": "place",
      "rank": 1890
    },
    {
      "word": "thing",
      "rank": 1282
    },
    {
      "word": "idea",
      "rank": 301
    },
    {
      "word": "animal",
      "rank": 2417
    },
    {
      "word": "plant",
      "rank": 4913
    },
    {
      "word": "know",
      "rank": 95
    },
    {
      "word": "think",
      "rank": 686
    },
    {
      "word": "invent",
      "rank": 2872
    },
    {
      "word": "read",
      "rank": 1052
    },
    {
      "word": "knowledge",
      "rank": 1
    }
  ],
  "total_guesses": 11
}