{
  "solved": true,
  "guesses": [
    {
      "word": "person",
      "rank": 84602
    },
    {
      "word": "place",
      "rank": 223244
    },
    {
      "word": "thing",
      "rank": 90967
    },
    {
      "word": "idea",
      "rank": 219711
    },
    {
      "word": "plant",
      "rank": 120002
    },
    {
      "word": "animal",
      "rank": 866
    },
    {
      "word": "land",
      "rank": 30962
    },
    {
      "word": "water",
      "rank": 121950
    },
    {
      "word": "air",
      "rank": 225947
    },
    {
      "word": "field",
      "rank": 282857
    },
    {
      "word": "bird",
      "rank": 83
    },
    {
      "word": "robin",
      "rank": 54798
    },
    {
      "word": "owl",
      "rank": 1
    }
  ],
  "total_guesses": 13
}