{
  "solved": true,
  "guesses": [
    {
      "word": "person",
      "rank": 1089
    },
    {
      "word": "place",
      "rank": 1900
    },
    {
      "word": "thing",
      "rank": 1390
    },
    {
      "word": "idea",
      "rank": 1610
    },
    {
      "word": "plant",
      "rank": 30508
    },
    {
      "word": "animal",
      "rank": 5834
    },
    {
      "word": "job",
      "rank": 1365
    },
    {
      "word": "occupation",
      "rank": 6035
    },
    {
      "word": "city",
      "rank": 1844
    },
    {
      "word": "town",
      "rank": 3688
    },
    {
      "word": "field",
      "rank": 4150
    },
    {
      "word": "crime",
      "rank": 105
    },
    {
      "word": "death",
      "rank": 247
    },
    {
      "word": "fight",
      "rank": 411
    },
    {
      "word": "theft",
      "rank": 5814
    },
    {
      "word": "court",
      "rank": 5
    },
    {
      "word": "juror",
      "rank": 4445
    },
    {
      "word": "lawyer",
      "rank": 40
    },
    {
      "word": "judge",
      "rank": 6
    },
    {
      "word": "justice",
      "rank": 1
    }
  ],
  "total_guesses": 20
}