{
  "solved": true,
  "guesses": [
    {
      "word": "person",
      "rank": 55980
    },
    {
      "word": "place",
      "rank": 16728
    },
    {
      "word": "thing",
      "rank": 92899
    },
    {
      "word": "food",
      "rank": 128
    },
    {
      "word": "job",
      "rank": 18897
    },
    {
      "word": "store",
      "rank": 20
    },
    {
      "word": "shop",
      "rank": 3
    },
    {
      "word": "market",
      "rank": 3068
    },
    {
      "word": "buy",
      "rank": 8399
    },
    {
      "word": "bakery",
      "rank": 1
    }
  ],
  "total_guesses": 10
}