{
  "solved": true,
  "guesses": [
    {
      "word": "person",
      "rank": 3254
    },
    {
      "word": "place",
      "rank": 2088
    },
    {
      "word": "thing",
      "rank": 545
    },
    {
      "word": "idea",
      "rank": 3659
    },
    {
      "word": "object",
      "rank": 28415
    },
    {
      "word": "job",
      "rank": 53
    },
    {
      "word": "city",
      "rank": 4503
    },
    {
      "word": "field",
      "rank": 942
    },
    {
      "word": "device",
      "rank": 27710
    },
    {
      "word": "paper",
      "rank": 42991
    },
    {
      "word": "cashier",
      "rank": 49235
    },
    {
      "word": "buisness",
      "rank": 308351
    },
    {
      "word": "fun",
      "rank": 2857
    },
    {
      "word": "work",
      "rank": 3128
    },
    {
      "word": "game",
      "rank": 44
    },
    {
      "word": "player",
      "rank": 14
    },
    {
      "word": "video",
      "rank": 8893
    },
    {
      "word": "coach",
      "rank": 1
    }
  ],
  "total_guesses": 18
}