{
  "solved": true,
  "guesses": [
    {
      "word": "person",
      "rank": 6183
    },
    {
      "word": "place",
      "rank": 120
    },
    {
      "word": "thing",
      "rank": 4305
    },
    {
      "word": "idea",
      "rank": 2313
    },
    {
      "word": "animal",
      "rank": 597
    },
    {
      "word": "plant",
      "rank": 554
    },
    {
      "word": "town",
      "rank": 154
    },
    {
      "word": "city",
      "rank": 100
    },
    {
      "word": "field",
      "rank": 332
    },
    {
      "word": "build",
      "rank": 328
    },
    {
      "word": "tree",
      "rank": 686
    },
    {
      "word": "school",
      "rank": 165
    },
    {
      "word": "home",
      "rank": 44
    },
    {
      "word": "yard",
      "rank": 959
    },
    {
      "word": "park",
      "rank": 1
    }
  ],
  "total_guesses": 15
}