{
  "solved": true,
  "guesses": [
    {
      "word": "person",
      "rank": 1091
    },
    {
      "word": "place",
      "rank": 1788
    },
    {
      "word": "thing",
      "rank": 386
    },
    {
      "word": "idea",
      "rank": 1454
    },
    {
      "word": "job",
      "rank": 1333
    },
    {
      "word": "seat",
      "rank": 2446
    },
    {
      "word": "game",
      "rank": 8429
    },
    {
      "word": "joy",
      "rank": 3787
    },
    {
      "word": "vain",
      "rank": 21355
    },
    {
      "word": "love",
      "rank": 3590
    },
    {
      "word": "hate",
      "rank": 10372
    },
    {
      "word": "see",
      "rank": 217
    },
    {
      "word": "listen",
      "rank": 3323
    },
    {
      "word": "touch",
      "rank": 448
    },
    {
      "word": "feel",
      "rank": 1496
    },
    {
      "word": "taste",
      "rank": 6887
    },
    {
      "word": "eye",
      "rank": 43
    },
    {
      "word": "pupil",
      "rank": 3858
    },
    {
      "word": "vision",
      "rank": 34
    },
    {
      "word": "cornea",
      "rank": 2214
    },
    {
      "word": "sight",
      "rank": 133
    },
    {
      "word": "twin",
      "rank": 597
    },
    {
      "word": "mirror",
      "rank": 1
    }
  ],
  "total_guesses": 23
}