{
  "solved": true,
  "guesses": [
    {
      "word": "person",
      "rank": 5003
    },
    {
      "word": "place",
      "rank": 889
    },
    {
      "word": "thing",
      "rank": 2847
    },
    {
      "word": "city",
      "rank": 2251
    },
    {
      "word": "state",
      "rank": 527
    },
    {
      "word": "job",
      "rank": 713
    },
    {
      "word": "town",
      "rank": 123
    },
    {
      "word": "good",
      "rank": 967
    },
    {
      "word": "game",
      "rank": 3741
    },
    {
      "word": "property",
      "rank": 22
    },
    {
      "word": "food",
      "rank": 110
    },
    {
      "word": "produce",
      "rank": 73
    },
    {
      "word": "farm",
      "rank": 1
    }
  ],
  "total_guesses": 13
}