{
  "solved": true,
  "guesses": [
    {
      "word": "person",
      "rank": 1032
    },
    {
      "word": "place",
      "rank": 19046
    },
    {
      "word": "thing",
      "rank": 3197
    },
    {
      "word": "job",
      "rank": 6597
    },
    {
      "word": "city",
      "rank": 3510
    },
    {
      "word": "learn",
      "rank": 2907
    },
    {
      "word": "game",
      "rank": 12346
    },
    {
      "word": "pay",
      "rank": 21552
    },
    {
      "word": "money",
      "rank": 14438
    },
    {
      "word": "lawnmower",
      "rank": 55588
    },
    {
      "word": "vehicle",
      "rank": 65128
    },
    {
      "word": "culture",
      "rank": 3602
    },
    {
      "word": "enjoy",
      "rank": 7056
    },
    {
      "word": "people",
      "rank": 8040
    },
    {
      "word": "build",
      "rank": 60978
    },
    {
      "word": "tool",
      "rank": 8743
    },
    {
      "word": "body",
      "rank": 13882
    },
    {
      "word": "help",
      "rank": 7066
    },
    {
      "word": "hobby",
      "rank": 2979
    },
    {
      "word": "school",
      "rank": 3268
    },
    {
      "word": "obscure",
      "rank": 1213
    },
    {
      "word": "map",
      "rank": 34636
    },
    {
      "word": "everyday",
      "rank": 6371
    },
    {
      "word": "unknown",
      "rank": 1574
    },
    {
      "word": "appear",
      "rank": 16608
    },
    {
      "word": "new",
      "rank": 5043
    },
    {
      "word": "gap",
      "rank": 76127
    },
    {
      "word": "medium",
      "rank": 19228
    },
    {
      "word": "travel",
      "rank": 31661
    },
    {
      "word": "outside",
      "rank": 7213
    },
    {
      "word": "inside",
      "rank": 56920
    },
    {
      "word": "book",
      "rank": 3006
    },
    {
      "word": "idea",
      "rank": 7408
    },
    {
      "word": "concept",
      "rank": 9898
    },
    {
      "word": "obtain",
      "rank": 16169
    },
    {
      "word": "hell",
      "rank": 7395
    },
    {
      "word": "religion",
      "rank": 6483
    },
    {
      "word": "fight",
      "rank": 19924
    },
    {
      "word": "character",
      "rank": 904
    },
    {
      "word": "human",
      "rank": 27388
    },
    {
      "word": "life",
      "rank": 956
    },
    {
      "word": "identity",
      "rank": 4193
    },
    {
      "word": "self",
      "rank": 4573
    },
    {
      "word": "be",
      "rank": 8896
    },
    {
      "word": "create",
      "rank": 14776
    },
    {
      "word": "story",
      "rank": 2909
    },
    {
      "word": "time",
      "rank": 2788
    },
    {
      "word": "aspect",
      "rank": 13154
    },
    {
      "word": "style",
      "rank": 1190
    },
    {
      "word": "cast",
      "rank": 1750
    },
    {
      "word": "spirit",
      "rank": 4260
    },
    {
      "word": "art",
      "rank": 409
    },
    {
      "word": "paint",
      "rank": 32722
    },
    {
      "word": "visual",
      "rank": 1456
    },
    {
      "word": "audio",
      "rank": 2134
    },
    {
      "word": "texture",
      "rank": 12224
    },
    {
      "word": "computer",
      "rank": 5720
    },
    {
      "word": "instrument",
      "rank": 320
    },
    {
      "word": "music",
      "rank": 20
    },
    {
      "word": "score",
      "rank": 1814
    },
    {
      "word": "together",
      "rank": 2524
    },
    {
      "word": "make",
      "rank": 7905
    },
    {
      "word": "guitar",
      "rank": 21
    },
    {
      "word": "piano",
      "rank": 76
    },
    {
      "word": "song",
      "rank": 63
    },
    {
      "word": "musician",
      "rank": 1
    }
  ],
  "total_guesses": 66
}